u,u_e,mu,p_e,delta,y
0.4,0.05,0.1,0.05,0.5,0.04213296398891967
0.4,0.05,0.1,0.1,0.2,0.15126543209876542
0.4,0.05,0.1,0.1,0.4,0.1379320987654321
0.4,0.05,0.1,0.1,0.5,0.0544753086419753
0.4,0.05,0.1,0.2,0.0,0.31203125
0.4,0.05,0.1,0.2,0.4,0.07062500000000001
0.4,0.05,0.1,0.2,0.5,0.13378906250000003
0.4,0.05,0.1,0.3,0.0,0.06744897959183674
0.4,0.05,0.1,0.3,0.2,0.11270408163265304
0.4,0.05,0.1,0.3,0.4,0.05224489795918367
0.4,0.05,0.1,0.3,0.5,0.18367346938775508
0.4,0.05,0.2,0.05,0.0,0.20889196675900273
0.4,0.05,0.2,0.05,0.2,0.29963988919667595
0.4,0.05,0.2,0.05,0.4,0.12808864265927977
0.4,0.05,0.2,0.05,0.5,0.023545706371191136
0.4,0.05,0.2,0.1,0.0,0.1353395061728395
0.4,0.05,0.2,0.1,0.2,0.06623456790123458
0.4,0.05,0.2,0.1,0.4,0.20669753086419754
0.4,0.05,0.2,0.1,0.5,0.16209876543209878
0.4,0.05,0.2,0.2,0.0,0.06953125
0.4,0.05,0.2,0.2,0.2,0.12285156250000001
0.4,0.05,0.2,0.2,0.4,0.053476562500000005
0.4,0.05,0.2,0.2,0.5,0.09101562500000002
0.4,0.05,0.2,0.3,0.0,0.12801020408163266
0.4,0.05,0.2,0.3,0.2,0.04000000000000001
0.4,0.05,0.2,0.3,0.4,0.10816326530612246
0.4,0.05,0.2,0.3,0.5,0.04290816326530613
0.4,0.05,0.4,0.05,0.0,0.10074792243767314
0.4,0.05,0.4,0.05,0.2,0.249584487534626
0.4,0.05,0.4,0.05,0.4,0.1314404432132964
0.4,0.05,0.4,0.05,0.5,0.11861495844875347
0.4,0.05,0.4,0.1,0.0,0.1195679012345679
0.4,0.05,0.4,0.1,0.2,0.04336419753086419
0.4,0.05,0.4,0.1,0.4,0.3630864197530865
0.4,0.05,0.4,0.1,0.5,0.09645061728395062
0.4,0.05,0.4,0.2,0.2,0.103203125
0.4,0.05,0.4,0.2,0.4,0.0564453125
0.4,0.05,0.4,0.3,0.0,0.0002551020408163265
0.4,0.05,0.4,0.3,0.2,5.10204081632653e-05
0.4,0.05,0.4,0.3,0.4,0.07780612244897958
0.4,0.05,0.4,0.3,0.5,0.0225
0.4,0.05,0.5,0.05,0.0,0.17853185595567866
0.4,0.05,0.5,0.05,0.2,0.1004432132963989
0.4,0.05,0.5,0.05,0.4,0.11637119113573406
0.4,0.05,0.5,0.05,0.5,0.237590027700831
0.4,0.05,0.5,0.1,0.0,0.04410493827160493
0.4,0.05,0.5,0.1,0.2,0.08805555555555555
0.4,0.05,0.5,0.1,0.4,0.10163580246913581
0.4,0.05,0.5,0.1,0.5,0.24691358024691357
0.4,0.05,0.5,0.2,0.0,0.0784765625
0.4,0.05,0.5,0.2,0.2,0.0930078125
0.4,0.05,0.5,0.2,0.4,0.07562500000000001
0.4,0.05,0.5,0.2,0.5,0.04000000000000001
0.4,0.05,0.5,0.3,0.0,0.016734693877551016
0.4,0.05,0.5,0.3,0.2,0.07061224489795917
0.4,0.05,0.5,0.3,0.4,0.12760204081632653
0.4,0.05,0.5,0.3,0.5,0.02938775510204082
0.4,0.1,0.1,0.05,0.4,0.09941828254847646
0.4,0.1,0.1,0.05,0.5,0.18005540166204986
0.4,0.1,0.1,0.1,0.4,0.10432098765432099
0.4,0.1,0.1,0.1,0.5,0.16049382716049382
0.4,0.1,0.1,0.2,0.0,0.109765625
0.4,0.1,0.1,0.2,0.4,0.13222656249999998
0.4,0.1,0.1,0.3,0.0,0.07739795918367348
0.4,0.1,0.1,0.3,0.2,0.0
0.4,0.1,0.1,0.3,0.4,0.12755102040816327
0.4,0.1,0.1,0.3,0.5,0.09877551020408162
0.4,0.1,0.2,0.05,0.0,0.13033240997229917
0.4,0.1,0.2,0.05,0.2,0.24844875346260387
0.4,0.1,0.2,0.05,0.4,0.13750692520775623
0.4,0.1,0.2,0.05,0.5,0.17728531855955676
0.4,0.1,0.2,0.1,0.0,0.11274691358024692
0.4,0.1,0.2,0.1,0.2,0.18006172839506174
0.4,0.1,0.2,0.1,0.5,0.019783950617283955
0.4,0.1,0.2,0.2,0.0,0.12265625
0.4,0.1,0.2,0.2,0.2,0.08703124999999999
0.4,0.1,0.2,0.2,0.4,0.0667578125
0.4,0.1,0.2,0.2,0.5,0.10160156249999999
0.4,0.1,0.2,0.3,0.0,0.05897959183673469
0.4,0.1,0.2,0.3,0.2,0.03448979591836735
0.4,0.1,0.2,0.3,0.4,0.10841836734693878
0.4,0.1,0.2,0.3,0.5,0.04000000000000001
0.4,0.1,0.4,0.05,0.0,0.14986149584487535
0.4,0.1,0.4,0.05,0.2,0.19285318559556788
0.4,0.1,0.4,0.05,0.4,0.1156786703601108
0.4,0.1,0.4,0.05,0.5,0.16354570637119115
0.4,0.1,0.4,0.1,0.0,0.16496913580246914
0.4,0.1,0.4,0.1,0.2,0.15290123456790122
0.4,0.1,0.4,0.1,0.4,0.07385802469135802
0.4,0.1,0.4,0.1,0.5,0.05867283950617284
0.4,0.1,0.4,0.2,0.0,0.13203125000000002
0.4,0.1,0.4,0.2,0.2,0.19601562500000003
0.4,0.1,0.4,0.2,0.4,0.015625
0.4,0.1,0.4,0.2,0.5,0.079140625
0.4,0.1,0.4,0.3,0.0,0.06984693877551021
0.4,0.1,0.4,0.3,0.2,0.12755102040816324
0.4,0.1,0.4,0.3,0.4,0.09877551020408162
0.4,0.1,0.4,0.3,0.5,0.1600510204081633
0.4,0.1,0.5,0.05,0.0,0.09063711911357342
0.4,0.1,0.5,0.05,0.2,0.13562326869806093
0.4,0.1,0.5,0.05,0.4,0.0638781163434903
0.4,0.1,0.5,0.1,0.0,0.4020061728395061
0.4,0.1,0.5,0.1,0.2,0.1655864197530864
0.4,0.1,0.5,0.1,0.4,0.10978395061728394
0.4,0.1,0.5,0.1,0.5,0.31533950617283946
0.4,0.1,0.5,0.2,0.0,0.0525390625
0.4,0.1,0.5,0.2,0.2,0.1000390625
0.4,0.1,0.5,0.2,0.4,0.045156249999999995
0.4,0.1,0.5,0.2,0.5,0.16738281250000003
0.4,0.1,0.5,0.3,0.0,0.13591836734693877
0.4,0.1,0.5,0.3,0.2,0.0
0.4,0.1,0.5,0.3,0.4,0.05556122448979592
0.4,0.1,0.5,0.3,0.5,0.07760204081632653
0.4,0.15,0.1,0.05,0.2,0.011108033240997229
0.4,0.15,0.1,0.05,0.4,0.11490304709141276
0.4,0.15,0.1,0.05,0.5,0.037922437673130194
0.4,0.15,0.1,0.1,0.0,0.08055555555555555
0.4,0.15,0.1,0.1,0.2,0.11388888888888887
0.4,0.15,0.1,0.1,0.4,0.10098765432098764
0.4,0.15,0.1,0.1,0.5,0.10030864197530864
0.4,0.15,0.1,0.2,0.2,0.192578125
0.4,0.15,0.1,0.2,0.4,0.074140625
0.4,0.15,0.1,0.2,0.5,0.038476562500000006
0.4,0.15,0.1,0.3,0.0,0.1514795918367347
0.4,0.15,0.1,0.3,0.2,0.10331632653061226
0.4,0.15,0.1,0.3,0.4,0.12882653061224492
0.4,0.15,0.1,0.3,0.5,0.0625
0.4,0.15,0.2,0.05,0.0,0.10307479224376731
0.4,0.15,0.2,0.05,0.2,0.1565096952908587
0.4,0.15,0.2,0.05,0.4,0.010000000000000002
0.4,0.15,0.2,0.05,0.5,0.1550415512465374
0.4,0.15,0.2,0.1,0.0,0.18024691358024691
0.4,0.15,0.2,0.1,0.2,0.3523765432098765
0.4,0.15,0.2,0.1,0.4,0.1667283950617284
0.4,0.15,0.2,0.1,0.5,0.17719135802469138
0.4,0.15,0.2,0.2,0.0,0.15628906250000002
0.4,0.15,0.2,0.2,0.2,0.077890625
0.4,0.15,0.2,0.2,0.4,0.16203125
0.4,0.15,0.2,0.2,0.5,0.042539062499999995
0.4,0.15,0.2,0.3,0.2,0.15969387755102038
0.4,0.15,0.2,0.3,0.4,0.008622448979591838
0.4,0.15,0.4,0.05,0.0,0.07889196675900279
0.4,0.15,0.4,0.05,0.2,0.20033240997229915
0.4,0.15,0.4,0.05,0.4,0.1303601108033241
0.4,0.15,0.4,0.05,0.5,0.19193905817174517
0.4,0.15,0.4,0.1,0.0,0.09388888888888888
0.4,0.15,0.4,0.1,0.2,0.035339506172839506
0.4,0.15,0.4,0.1,0.4,0.09530864197530864
0.4,0.15,0.4,0.1,0.5,0.13348765432098766
0.4,0.15,0.4,0.2,0.0,0.1384765625
0.4,0.15,0.4,0.2,0.2,0.1220703125
0.4,0.15,0.4,0.2,0.4,0.161015625
0.4,0.15,0.4,0.2,0.5,0.01265625
0.4,0.15,0.4,0.3,0.0,0.0625
0.4,0.15,0.4,0.3,0.2,0.01479591836734694
0.4,0.15,0.4,0.3,0.4,0.06612244897959182
0.4,0.15,0.4,0.3,0.5,0.08163265306122448
0.4,0.15,0.5,0.05,0.0,0.06304709141274238
0.4,0.15,0.5,0.05,0.2,0.13886426592797785
0.4,0.15,0.5,0.05,0.4,0.10551246537396122
0.4,0.15,0.5,0.05,0.5,0.23936288088642657
0.4,0.15,0.5,0.1,0.0,0.10987654320987653
0.4,0.15,0.5,0.1,0.2,0.07373456790123457
0.4,0.15,0.5,0.1,0.4,0.2126543209876543
0.4,0.15,0.5,0.1,0.5,0.17265432098765432
0.4,0.15,0.5,0.2,0.0,0.10820312499999998
0.4,0.15,0.5,0.2,0.2,0.0548828125
0.4,0.15,0.5,0.2,0.4,0.1623828125
0.4,0.15,0.5,0.2,0.5,0.1269140625
0.4,0.15,0.5,0.3,0.0,0.06612244897959182
0.4,0.15,0.5,0.3,0.2,0.04596938775510204
0.4,0.15,0.5,0.3,0.4,0.10331632653061226
0.4,0.15,0.5,0.3,0.5,0.0736734693877551
0.4,0.2,0.1,0.05,0.2,2.7700831024930747e-05
0.4,0.2,0.1,0.05,0.5,0.02662049861495845
0.4,0.2,0.1,0.1,0.2,0.13
0.4,0.2,0.1,0.1,0.5,0.04694444444444445
0.4,0.2,0.1,0.2,0.0,0.0203515625
0.4,0.2,0.1,0.2,0.2,0.0886328125
0.4,0.2,0.1,0.2,0.4,0.09289062499999999
0.4,0.2,0.1,0.2,0.5,0.053476562500000005
0.4,0.2,0.1,0.3,0.0,0.09494897959183674
0.4,0.2,0.1,0.3,0.2,0.161734693877551
0.4,0.2,0.1,0.3,0.4,0.06984693877551021
0.4,0.2,0.1,0.3,0.5,0.15311224489795916
0.4,0.2,0.2,0.05,0.2,0.1064819944598338
0.4,0.2,0.2,0.05,0.4,0.23515235457063713
0.4,0.2,0.2,0.05,0.5,0.0
0.4,0.2,0.2,0.1,0.0,0.006049382716049383
0.4,0.2,0.2,0.1,0.2,0.2594135802469136
0.4,0.2,0.2,0.1,0.4,0.13691358024691358
0.4,0.2,0.2,0.1,0.5,0.19138888888888891
0.4,0.2,0.2,0.2,0.0,0.053476562500000005
0.4,0.2,0.2,0.2,0.2,0.14828125
0.4,0.2,0.2,0.2,0.4,0.01953125
0.4,0.2,0.2,0.2,0.5,0.23160156250000002
0.4,0.2,0.2,0.3,0.0,0.15188775510204083
0.4,0.2,0.2,0.3,0.2,0.11122448979591837
0.4,0.2,0.2,0.3,0.4,0.0760204081632653
0.4,0.2,0.2,0.3,0.5,0.23591836734693877
0.4,0.2,0.4,0.05,0.0,0.05362880886426593
0.4,0.2,0.4,0.05,0.2,0.11346260387811634
0.4,0.2,0.4,0.05,0.4,0.11346260387811634
0.4,0.2,0.4,0.05,0.5,0.02662049861495845
0.4,0.2,0.4,0.1,0.0,0.12570987654320986
0.4,0.2,0.4,0.1,0.2,0.023950617283950613
0.4,0.2,0.4,0.1,0.4,0.04225308641975308
0.4,0.2,0.4,0.1,0.5,0.10969135802469136
0.4,0.2,0.4,0.2,0.0,0.04000000000000001
0.4,0.2,0.4,0.2,0.2,0.10160156249999999
0.4,0.2,0.4,0.2,0.4,0.1181640625
0.4,0.2,0.4,0.2,0.5,0.030624999999999996
0.4,0.2,0.4,0.3,0.0,0.06744897959183674
0.4,0.2,0.4,0.3,0.2,0.09556122448979593
0.4,0.2,0.4,0.3,0.4,0.14331632653061224
0.4,0.2,0.4,0.3,0.5,0.0225
0.4,0.2,0.5,0.05,0.0,0.017313019390581715
0.4,0.2,0.5,0.05,0.2,0.22875346260387813
0.4,0.2,0.5,0.05,0.4,0.16232686980609418
0.4,0.2,0.5,0.05,0.5,0.11346260387811634
0.4,0.2,0.5,0.1,0.0,0.12697530864197532
0.4,0.2,0.5,0.1,0.2,0.12641975308641976
0.4,0.2,0.5,0.1,0.4,0.18777777777777782
0.4,0.2,0.5,0.1,0.5,0.16209876543209875
0.4,0.2,0.5,0.2,0.0,0.189453125
0.4,0.2,0.5,0.2,0.2,0.030624999999999996
0.4,0.2,0.5,0.2,0.4,0.113515625
0.4,0.2,0.5,0.2,0.5,0.063203125
0.4,0.2,0.5,0.3,0.0,0.0951530612244898
0.4,0.2,0.5,0.3,0.2,0.0736734693877551
0.4,0.2,0.5,0.3,0.4,0.05556122448979592
0.4,0.2,0.5,0.3,0.5,0.09
1.0,0.05,0.1,0.05,0.0,2.7700831024930747e-05
1.0,0.05,0.1,0.05,0.2,0.0
1.0,0.05,0.1,0.1,0.2,0.5002469135802469
1.0,0.05,0.1,0.1,0.5,0.5005555555555556
1.0,0.05,0.1,0.2,0.0,0.5298828124999999
1.0,0.05,0.1,0.2,0.2,0.5003124999999999
1.0,0.05,0.1,0.2,0.4,0.51125
1.0,0.05,0.1,0.2,0.5,0.509453125
1.0,0.05,0.1,0.3,0.0,0.2946938775510204
1.0,0.05,0.1,0.3,0.2,0.5016326530612245
1.0,0.05,0.1,0.3,0.4,0.20897959183673467
1.0,0.05,0.1,0.3,0.5,0.17163265306122452
1.0,0.05,0.2,0.05,0.0,0.00011080332409972299
1.0,0.05,0.2,0.05,0.2,0.0018005540166204986
1.0,0.05,0.2,0.1,0.2,0.5385802469135802
1.0,0.05,0.2,0.1,0.4,0.5074691358024691
1.0,0.05,0.2,0.2,0.0,0.500078125
1.0,0.05,0.2,0.2,0.2,0.51125
1.0,0.05,0.2,0.2,0.4,0.5028125
1.0,0.05,0.2,0.3,0.0,0.24290816326530615
1.0,0.05,0.2,0.3,0.2,0.25
1.0,0.05,0.2,0.3,0.4,0.17163265306122452
1.0,0.05,0.2,0.3,0.5,0.23591836734693877
1.0,0.05,0.4,0.05,0.0,0.5055401662049862
1.0,0.05,0.4,0.05,0.2,0.2096675900277008
1.0,0.05,0.4,0.05,0.4,0.028393351800554016
1.0,0.05,0.4,0.05,0.5,0.07825484764542935
1.0,0.05,0.4,0.1,0.0,0.4944753086419753
1.0,0.05,0.4,0.1,0.2,0.5120987654320988
1.0,0.05,0.4,0.1,0.4,0.5005555555555556
1.0,0.05,0.4,0.1,0.5,0.5039506172839505
1.0,0.05,0.4,0.2,0.0,0.5008203125
1.0,0.05,0.4,0.2,0.2,0.50125
1.0,0.05,0.4,0.2,0.4,0.51125
1.0,0.05,0.4,0.3,0.0,0.0
1.0,0.05,0.4,0.3,0.2,0.21602040816326532
1.0,0.05,0.4,0.3,0.4,0.16760204081632651
1.0,0.05,0.4,0.3,0.5,0.2029591836734694
1.0,0.05,0.5,0.05,0.0,0.1364265927977839
1.0,0.05,0.5,0.05,0.2,0.5293074792243768
1.0,0.05,0.5,0.05,0.5,0.5434349030470914
1.0,0.05,0.5,0.1,0.0,0.5417283950617284
1.0,0.05,0.5,0.1,0.2,0.5088888888888888
1.0,0.05,0.5,0.1,0.4,0.5009876543209877
1.0,0.05,0.5,0.1,0.5,0.5002777777777778
1.0,0.05,0.5,0.2,0.0,0.509453125
1.0,0.05,0.5,0.2,0.2,0.4937890625
1.0,0.05,0.5,0.2,0.4,0.49703125
1.0,0.05,0.5,0.2,0.5,0.5153125000000001
1.0,0.05,0.5,0.3,0.0,0.5123469387755102
1.0,0.05,0.5,0.3,0.2,0.5216836734693877
1.0,0.05,0.5,0.3,0.4,0.19862244897959183
1.0,0.05,0.5,0.3,0.5,0.1849489795918367
1.0,0.1,0.1,0.05,0.0,0.0
1.0,0.1,0.1,0.05,0.2,0.00011080332409972299
1.0,0.1,0.1,0.1,0.0,0.5987654320987654
1.0,0.1,0.1,0.1,0.2,0.548395061728395
1.0,0.1,0.1,0.1,0.4,0.5061728395061729
1.0,0.1,0.1,0.1,0.5,0.5355555555555556
1.0,0.1,0.1,0.2,0.0,0.517578125
1.0,0.1,0.1,0.2,0.2,0.5003124999999999
1.0,0.1,0.1,0.2,0.4,0.5041015624999999
1.0,0.1,0.1,0.2,0.5,0.5028125
1.0,0.1,0.1,0.3,0.0,0.343061224489796
1.0,0.1,0.1,0.3,0.2,0.27938775510204084
1.0,0.1,0.1,0.3,0.4,0.17163265306122452
1.0,0.1,0.1,0.3,0.5,0.19612244897959183
1.0,0.1,0.2,0.05,0.0,0.00011080332409972299
1.0,0.1,0.2,0.1,0.0,0.5074691358024691
1.0,0.1,0.2,0.1,0.2,0.5
1.0,0.1,0.2,0.1,0.4,0.5009876543209877
1.0,0.1,0.2,0.1,0.5,0.5987654320987654
1.0,0.1,0.2,0.2,0.2,0.503828125
1.0,0.1,0.2,0.2,0.4,0.501953125
1.0,0.1,0.2,0.2,0.5,0.4953515625
1.0,0.1,0.2,0.3,0.0,0.5009183673469388
1.0,0.1,0.2,0.3,0.2,0.0
1.0,0.1,0.2,0.3,0.5,0.22224489795918367
1.0,0.1,0.4,0.05,0.0,0.009418282548476454
1.0,0.1,0.4,0.05,0.2,0.010000000000000002
1.0,0.1,0.4,0.1,0.2,0.5417283950617284
1.0,0.1,0.4,0.1,0.4,0.5009876543209877
1.0,0.1,0.4,0.1,0.5,0.5120987654320988
1.0,0.1,0.4,0.2,0.0,0.5023828125
1.0,0.1,0.4,0.2,0.2,0.48953125000000003
1.0,0.1,0.4,0.2,0.4,0.5176953125
1.0,0.1,0.4,0.3,0.0,0.0008673469387755101
1.0,0.1,0.4,0.3,0.2,0.16576530612244897
1.0,0.1,0.4,0.3,0.4,0.17760204081632652
1.0,0.1,0.5,0.05,0.0,0.10318559556786704
1.0,0.1,0.5,0.05,0.4,0.1686426592797784
1.0,0.1,0.5,0.05,0.5,0.938836565096953
1.0,0.1,0.5,0.1,0.0,0.5074691358024691
1.0,0.1,0.5,0.1,0.2,0.4944753086419753
1.0,0.1,0.5,0.1,0.4,0.5178395061728395
1.0,0.1,0.5,0.2,0.0,0.5205078125
1.0,0.1,0.5,0.2,0.2,0.5176953125
1.0,0.1,0.5,0.2,0.4,0.513203125
1.0,0.1,0.5,0.2,0.5,0.517578125
1.0,0.1,0.5,0.3,0.0,0.5001020408163265
1.0,0.1,0.5,0.3,0.2,0.20903061224489794
1.0,0.1,0.5,0.3,0.4,0.28704081632653056
1.0,0.1,0.5,0.3,0.5,0.15433673469387754
1.0,0.15,0.1,0.05,0.2,0.0
1.0,0.15,0.1,0.05,0.5,0.0
1.0,0.15,0.1,0.1,0.0,0.5000617283950617
1.0,0.15,0.1,0.1,0.2,0.5009876543209877
1.0,0.15,0.1,0.2,0.0,0.5080078125
1.0,0.15,0.1,0.2,0.2,0.517578125
1.0,0.15,0.1,0.3,0.0,0.5004081632653061
1.0,0.15,0.1,0.3,0.2,0.5050000000000001
1.0,0.15,0.1,0.3,0.4,0.25
1.0,0.15,0.1,0.3,0.5,0.18367346938775508
1.0,0.15,0.2,0.1,0.0,0.513888888888889
1.0,0.15,0.2,0.1,0.2,0.6605555555555556
1.0,0.15,0.2,0.1,0.4,0.6088888888888888
1.0,0.15,0.2,0.1,0.5,0.6306172839506172
1.0,0.15,0.2,0.2,0.0,0.506328125
1.0,0.15,0.2,0.2,0.2,0.53125
1.0,0.15,0.2,0.2,0.4,0.4937890625
1.0,0.15,0.2,0.3,0.0,0.5009183673469388
1.0,0.15,0.2,0.3,0.2,0.5
1.0,0.15,0.2,0.3,0.4,0.18367346938775508
1.0,0.15,0.2,0.3,0.5,0.22244897959183674
1.0,0.15,0.4,0.05,0.0,0.002493074792243767
1.0,0.15,0.4,0.05,0.4,0.7269252077562327
1.0,0.15,0.4,0.1,0.0,0.5074691358024691
1.0,0.15,0.4,0.1,0.4,0.5519135802469136
1.0,0.15,0.4,0.1,0.5,0.6422222222222222
1.0,0.15,0.4,0.2,0.0,0.5153125000000001
1.0,0.15,0.4,0.2,0.2,0.5050000000000001
1.0,0.15,0.4,0.2,0.4,0.26910156250000006
1.0,0.15,0.4,0.2,0.5,0.2197265625
1.0,0.15,0.4,0.3,0.0,0.5025510204081632
1.0,0.15,0.4,0.3,0.2,0.5025510204081632
1.0,0.15,0.4,0.3,0.4,0.18367346938775508
1.0,0.15,0.4,0.3,0.5,0.20897959183673467
1.0,0.15,0.5,0.05,0.0,0.7965927977839335
1.0,0.15,0.5,0.05,0.2,0.5013850415512464
1.0,0.15,0.5,0.05,0.4,0.007340720221606648
1.0,0.15,0.5,0.05,0.5,0.8116343490304709
1.0,0.15,0.5,0.1,0.0,0.5155864197530864
1.0,0.15,0.5,0.1,0.2,0.5041049382716049
1.0,0.15,0.5,0.1,0.4,0.559320987654321
1.0,0.15,0.5,0.1,0.5,0.5120987654320988
1.0,0.15,0.5,0.2,0.0,0.4947265625
1.0,0.15,0.5,0.2,0.2,0.500703125
1.0,0.15,0.5,0.2,0.4,0.48582031249999996
1.0,0.15,0.5,0.2,0.5,0.5528515624999999
1.0,0.15,0.5,0.3,0.0,0.3184183673469388
1.0,0.15,0.5,0.3,0.2,0.32653061224489793
1.0,0.15,0.5,0.3,0.4,0.1433673469387755
1.0,0.15,0.5,0.3,0.5,0.13270408163265304
1.0,0.2,0.1,0.05,0.0,0.0
1.0,0.2,0.1,0.05,0.2,0.0
1.0,0.2,0.1,0.1,0.0,0.5417283950617284
1.0,0.2,0.1,0.1,0.2,0.12641975308641976
1.0,0.2,0.1,0.2,0.0,0.506328125
1.0,0.2,0.1,0.2,0.2,0.52
1.0,0.2,0.1,0.2,0.4,0.5028125
1.0,0.2,0.1,0.2,0.5,0.517578125
1.0,0.2,0.1,0.3,0.0,0.508265306122449
1.0,0.2,0.1,0.3,0.2,0.5001020408163265
1.0,0.2,0.1,0.3,0.5,0.23591836734693877
1.0,0.2,0.2,0.05,0.0,2.7700831024930747e-05
1.0,0.2,0.2,0.1,0.0,0.5061728395061729
1.0,0.2,0.2,0.1,0.2,0.5987654320987654
1.0,0.2,0.2,0.1,0.4,0.10385802469135803
1.0,0.2,0.2,0.2,0.0,0.50125
1.0,0.2,0.2,0.2,0.2,0.11390625000000001
1.0,0.2,0.2,0.2,0.4,0.0
1.0,0.2,0.2,0.2,0.5,0.31640625
1.0,0.2,0.2,0.3,0.0,0.5009183673469388
1.0,0.2,0.2,0.3,0.2,0.49494897959183676
1.0,0.2,0.2,0.3,0.4,0.5004081632653061
1.0,0.2,0.2,0.3,0.5,0.23591836734693877
1.0,0.2,0.4,0.05,0.2,0.7792797783933518
1.0,0.2,0.4,0.05,0.5,0.938836565096953
1.0,0.2,0.4,0.1,0.0,0.6195061728395062
1.0,0.2,0.4,0.1,0.4,0.5891358024691358
1.0,0.2,0.4,0.2,0.2,0.5078125
1.0,0.2,0.4,0.2,0.4,0.51125
1.0,0.2,0.4,0.2,0.5,0.53125
1.0,0.2,0.4,0.3,0.0,0.508265306122449
1.0,0.2,0.4,0.3,0.2,0.503673469387755
1.0,0.2,0.4,0.3,0.4,0.20897959183673467
1.0,0.2,0.4,0.3,0.5,0.2869897959183673
1.0,0.2,0.5,0.05,0.0,0.14362880886426593
1.0,0.2,0.5,0.05,0.2,0.8116343490304709
1.0,0.2,0.5,0.05,0.5,0.0014681440443213294
1.0,0.2,0.5,0.1,0.0,0.5179320987654321
1.0,0.2,0.5,0.1,0.2,0.5000308641975308
1.0,0.2,0.5,0.1,0.4,0.5050000000000001
1.0,0.2,0.5,0.1,0.5,0.5005555555555556
1.0,0.2,0.5,0.2,0.0,0.4925781249999999
1.0,0.2,0.5,0.2,0.2,0.5051562500000001
1.0,0.2,0.5,0.2,0.4,0.17015624999999998
1.0,0.2,0.5,0.2,0.5,0.5028125
1.0,0.2,0.5,0.3,0.0,0.5016326530612245
1.0,0.2,0.5,0.3,0.2,0.16576530612244897
1.0,0.2,0.5,0.3,0.4,0.343061224489796
1.0,0.2,0.5,0.3,0.5,0.11270408163265304
1.2,0.05,0.1,0.1,0.0,3.08641975308642e-05
1.2,0.05,0.1,0.2,0.0,0.50125
1.2,0.05,0.1,0.2,0.2,0.500078125
1.2,0.05,0.1,0.2,0.4,0.5762890624999999
1.2,0.05,0.1,0.3,0.0,0.3347448979591837
1.2,0.05,0.1,0.3,0.2,0.1543877551020408
1.2,0.05,0.1,0.3,0.4,0.58
1.2,0.05,0.1,0.3,0.5,0.09433673469387756
1.2,0.05,0.2,0.05,0.5,1.0
1.2,0.05,0.2,0.1,0.0,0.8755555555555556
1.2,0.05,0.2,0.1,0.4,0.9355555555555555
1.2,0.05,0.2,0.1,0.5,0.9459876543209875
1.2,0.05,0.2,0.2,0.0,0.5225781249999999
1.2,0.05,0.2,0.2,0.2,0.5253125000000001
1.2,0.05,0.2,0.2,0.4,0.5569531249999999
1.2,0.05,0.2,0.2,0.5,0.00578125
1.2,0.05,0.2,0.3,0.0,0.0
1.2,0.05,0.2,0.3,0.2,0.18367346938775508
1.2,0.05,0.2,0.3,0.4,0.18367346938775508
1.2,0.05,0.2,0.3,0.5,0.05224489795918367
1.2,0.05,0.4,0.05,0.0,0.003601108033240997
1.2,0.05,0.4,0.05,0.4,0.008448753462603877
1.2,0.05,0.4,0.1,0.0,0.5561728395061729
1.2,0.05,0.4,0.1,0.2,0.49395061728395057
1.2,0.05,0.4,0.1,0.4,0.6141358024691359
1.2,0.05,0.4,0.2,0.0,0.501953125
1.2,0.05,0.4,0.2,0.2,0.509453125
1.2,0.05,0.4,0.2,0.4,0.056562499999999995
1.2,0.05,0.4,0.2,0.5,0.49257812500000003
1.2,0.05,0.4,0.3,0.0,0.0
1.2,0.05,0.4,0.3,0.2,0.2235204081632653
1.2,0.05,0.4,0.3,0.4,0.13816326530612247
1.2,0.05,0.4,0.3,0.5,0.12249999999999998
1.2,0.05,0.5,0.05,0.0,0.04930747922437673
1.2,0.05,0.5,0.05,0.2,0.0210803324099723
1.2,0.05,0.5,0.05,0.4,0.0032132963988919664
1.2,0.05,0.5,0.05,0.5,0.019418282548476457
1.2,0.05,0.5,0.1,0.0,0.4948456790123456
1.2,0.05,0.5,0.1,0.2,0.5408641975308641
1.2,0.05,0.5,0.1,0.4,0.5345987654320987
1.2,0.05,0.5,0.1,0.5,0.5339506172839507
1.2,0.05,0.5,0.2,0.0,0.5080078125
1.2,0.05,0.5,0.2,0.4,0.545
1.2,0.05,0.5,0.2,0.5,0.5253125000000001
1.2,0.05,0.5,0.3,0.0,0.19862244897959183
1.2,0.05,0.5,0.3,0.2,0.5065306122448979
1.2,0.05,0.5,0.3,0.4,0.09683673469387756
1.2,0.05,0.5,0.3,0.5,0.1451530612244898
1.2,0.1,0.1,0.1,0.0,0.0
1.2,0.1,0.1,0.1,0.2,0.0
1.2,0.1,0.1,0.2,0.0,0.50125
1.2,0.1,0.1,0.2,0.2,0.30250000000000005
1.2,0.1,0.1,0.2,0.4,0.8289453125
1.2,0.1,0.1,0.2,0.5,0.6012500000000001
1.2,0.1,0.1,0.3,0.0,0.37734693877551023
1.2,0.1,0.1,0.3,0.2,0.5114795918367347
1.2,0.1,0.1,0.3,0.4,0.10795918367346939
1.2,0.1,0.1,0.3,0.5,0.12249999999999998
1.2,0.1,0.2,0.1,0.0,0.005709876543209876
1.2,0.1,0.2,0.1,0.5,0.9780246913580248
1.2,0.1,0.2,0.2,0.0,0.5153125000000001
1.2,0.1,0.2,0.2,0.2,0.500703125
1.2,0.1,0.2,0.2,0.4,0.49882812499999996
1.2,0.1,0.2,0.2,0.5,0.548828125
1.2,0.1,0.2,0.3,0.0,0.5592346938775511
1.2,0.1,0.2,0.3,0.2,0.37734693877551023
1.2,0.1,0.2,0.3,0.4,0.12249999999999998
1.2,0.1,0.2,0.3,0.5,0.14331632653061224
1.2,0.1,0.4,0.05,0.0,0.0008033240997229916
1.2,0.1,0.4,0.05,0.2,0.0017728531855955678
1.2,0.1,0.4,0.05,0.5,0.9689196675900276
1.2,0.1,0.4,0.1,0.0,0.5015432098765432
1.2,0.1,0.4,0.1,0.2,0.658179012345679
1.2,0.1,0.4,0.1,0.4,0.5023765432098766
1.2,0.1,0.4,0.1,0.5,0.85570987654321
1.2,0.1,0.4,0.2,0.0,0.5225781249999999
1.2,0.1,0.4,0.2,0.2,0.5703125
1.2,0.1,0.4,0.2,0.4,0.5406640625000001
1.2,0.1,0.4,0.2,0.5,0.140625
1.2,0.1,0.4,0.3,0.0,0.5016326530612245
1.2,0.1,0.4,0.3,0.2,0.5016326530612245
1.2,0.1,0.4,0.3,0.4,0.1435204081632653
1.2,0.1,0.5,0.05,0.0,0.003019390581717451
1.2,0.1,0.5,0.05,0.2,0.012326869806094183
1.2,0.1,0.5,0.05,0.4,0.016897506925207757
1.2,0.1,0.5,0.05,0.5,0.897534626038781
1.2,0.1,0.5,0.1,0.0,0.559320987654321
1.2,0.1,0.5,0.1,0.2,0.5555555555555556
1.2,0.1,0.5,0.1,0.4,0.7076543209876542
1.2,0.1,0.5,0.1,0.5,0.6645987654320987
1.2,0.1,0.5,0.2,0.0,0.500703125
1.2,0.1,0.5,0.2,0.2,0.5050000000000001
1.2,0.1,0.5,0.2,0.4,0.14078125
1.2,0.1,0.5,0.2,0.5,0.509453125
1.2,0.1,0.5,0.3,0.0,0.52
1.2,0.1,0.5,0.3,0.2,0.5330612244897959
1.2,0.1,0.5,0.3,0.4,0.1600510204081633
1.2,0.1,0.5,0.3,0.5,0.1127551020408163
1.2,0.15,0.1,0.1,0.0,3.08641975308642e-05
1.2,0.15,0.1,0.1,0.2,1.0
1.2,0.15,0.1,0.1,0.4,1.0
1.2,0.15,0.1,0.1,0.5,1.0
1.2,0.15,0.1,0.2,0.0,0.509453125
1.2,0.15,0.1,0.2,0.2,0.5028125
1.2,0.15,0.1,0.2,0.5,0.8828125
1.2,0.15,0.1,0.3,0.0,0.5009183673469388
1.2,0.15,0.1,0.3,0.2,0.508265306122449
1.2,0.15,0.1,0.3,0.4,0.12755102040816327
1.2,0.15,0.1,0.3,0.5,0.5918367346938775
1.2,0.15,0.2,0.05,0.4,1.0
1.2,0.15,0.2,0.05,0.5,1.0
1.2,0.15,0.2,0.1,0.0,0.0010493827160493827
1.2,0.15,0.2,0.1,0.2,0.0011419753086419754
1.2,0.15,0.2,0.1,0.4,1.0
1.2,0.15,0.2,0.1,0.5,0.9565432098765432
1.2,0.15,0.2,0.2,0.0,0.500078125
1.2,0.15,0.2,0.2,0.2,0.5903125
1.2,0.15,0.2,0.2,0.4,0.7703515625
1.2,0.15,0.2,0.2,0.5,0.7112499999999999
1.2,0.15,0.2,0.3,0.0,0.5009183673469388
1.2,0.15,0.2,0.3,0.2,0.4929081632653062
1.2,0.15,0.2,0.3,0.4,0.10795918367346939
1.2,0.15,0.2,0.3,0.5,0.06612244897959182
1.2,0.15,0.4,0.05,0.0,0.0009418282548476454
1.2,0.15,0.4,0.05,0.5,0.0013850415512465372
1.2,0.15,0.4,0.1,0.0,0.5555555555555556
1.2,0.15,0.4,0.1,0.4,0.7528395061728395
1.2,0.15,0.4,0.1,0.5,0.768888888888889
1.2,0.15,0.4,0.2,0.4,0.52
1.2,0.15,0.4,0.2,0.5,0.513203125
1.2,0.15,0.4,0.3,0.0,0.5689795918367347
1.2,0.15,0.4,0.3,0.2,0.5009183673469388
1.2,0.15,0.4,0.3,0.4,0.1898469387755102
1.2,0.15,0.4,0.3,0.5,0.06984693877551021
1.2,0.15,0.5,0.05,0.0,0.0018836565096952908
1.2,0.15,0.5,0.05,0.2,0.008448753462603877
1.2,0.15,0.5,0.05,0.4,0.006481994459833795
1.2,0.15,0.5,0.05,0.5,0.0022437673130193906
1.2,0.15,0.5,0.1,0.0,0.5005555555555556
1.2,0.15,0.5,0.1,0.2,0.5005555555555556
1.2,0.15,0.5,0.1,0.4,0.5812654320987655
1.2,0.15,0.5,0.1,0.5,0.7938888888888889
1.2,0.15,0.5,0.2,0.0,0.5050000000000001
1.2,0.15,0.5,0.2,0.2,0.5078125
1.2,0.15,0.5,0.2,0.5,0.4942578125
1.2,0.15,0.5,0.3,0.0,0.5025510204081632
1.2,0.15,0.5,0.3,0.2,0.5088265306122449
1.2,0.15,0.5,0.3,0.4,0.5063775510204083
1.2,0.15,0.5,0.3,0.5,0.10795918367346939
1.2,0.2,0.1,0.1,0.0,0.0
1.2,0.2,0.1,0.1,0.2,1.0
1.2,0.2,0.1,0.1,0.4,1.0
1.2,0.2,0.1,0.1,0.5,1.0
1.2,0.2,0.1,0.2,0.0,0.517578125
1.2,0.2,0.1,0.2,0.2,0.565703125
1.2,0.2,0.1,0.3,0.0,0.4941326530612245
1.2,0.2,0.1,0.3,0.2,0.5050000000000001
1.2,0.2,0.2,0.05,0.5,1.0
1.2,0.2,0.2,0.1,0.0,0.9672222222222222
1.2,0.2,0.2,0.1,0.2,0.9672222222222222
1.2,0.2,0.2,0.1,0.4,0.9565432098765432
1.2,0.2,0.2,0.1,0.5,1.0
1.2,0.2,0.2,0.2,0.0,0.1181640625
1.2,0.2,0.2,0.2,0.2,0.500078125
1.2,0.2,0.2,0.2,0.4,0.56125
1.2,0.2,0.2,0.2,0.5,0.037539062500000005
1.2,0.2,0.2,0.3,0.0,0.0
1.2,0.2,0.2,0.3,0.4,0.10795918367346939
1.2,0.2,0.2,0.3,0.5,0.09877551020408162
1.2,0.2,0.4,0.05,0.0,0.0006925207756232686
1.2,0.2,0.4,0.05,0.2,0.9290304709141275
1.2,0.2,0.4,0.05,0.4,0.9689196675900276
1.2,0.2,0.4,0.05,0.5,0.989529085872576
1.2,0.2,0.4,0.1,0.0,0.52
1.2,0.2,0.4,0.1,0.2,0.5355555555555556
1.2,0.2,0.4,0.1,0.4,0.8380246913580247
1.2,0.2,0.4,0.1,0.5,0.9150617283950617
1.2,0.2,0.4,0.2,0.0,0.565703125
1.2,0.2,0.4,0.2,0.4,0.528203125
1.2,0.2,0.4,0.2,0.5,0.501953125
1.2,0.2,0.4,0.3,0.0,0.2946938775510204
1.2,0.2,0.4,0.3,0.2,0.22224489795918367
1.2,0.2,0.4,0.3,0.4,0.09433673469387756
1.2,0.2,0.4,0.3,0.5,0.04908163265306122
1.2,0.2,0.5,0.05,0.0,0.9487534626038783
1.2,0.2,0.5,0.05,0.2,0.0009418282548476454
1.2,0.2,0.5,0.05,0.4,0.0004709141274238227
1.2,0.2,0.5,0.05,0.5,0.0008033240997229916
1.2,0.2,0.5,0.1,0.0,0.5000617283950617
1.2,0.2,0.5,0.1,0.2,0.5061728395061729
1.2,0.2,0.5,0.1,0.4,0.5891358024691358
1.2,0.2,0.5,0.1,0.5,0.017777777777777778
1.2,0.2,0.5,0.2,0.0,0.513203125
1.2,0.2,0.5,0.2,0.2,0.19140625
1.2,0.2,0.5,0.2,0.4,0.509453125
1.2,0.2,0.5,0.2,0.5,0.513203125
1.2,0.2,0.5,0.3,0.0,0.24290816326530615
1.2,0.2,0.5,0.3,0.2,0.18367346938775508
1.2,0.2,0.5,0.3,0.4,0.20897959183673467
1.2,0.2,0.5,0.3,0.5,0.1602040816326531
1.4,0.05,0.1,0.05,0.0,0.0
1.4,0.05,0.1,0.1,0.0,1.0
1.4,0.05,0.1,0.1,0.5,1.0
1.4,0.05,0.1,0.2,0.2,0.8507031249999999
1.4,0.05,0.1,0.2,0.4,0.939453125
1.4,0.05,0.1,0.2,0.5,0.00015625000000000003
1.4,0.05,0.1,0.3,0.0,0.3861734693877551
1.4,0.05,0.1,0.3,0.2,0.1379591836734694
1.4,0.05,0.1,0.3,0.4,0.00510204081632653
1.4,0.05,0.1,0.3,0.5,0.0025000000000000005
1.4,0.05,0.2,0.05,0.0,0.0
1.4,0.05,0.2,0.05,0.5,1.0
1.4,0.05,0.2,0.1,0.0,0.0001234567901234568
1.4,0.05,0.2,0.1,0.2,1.0
1.4,0.05,0.2,0.1,0.4,0.9889506172839506
1.4,0.05,0.2,0.1,0.5,1.0
1.4,0.05,0.2,0.2,0.0,0.5703125
1.4,0.05,0.2,0.2,0.4,0.8507031249999999
1.4,0.05,0.2,0.2,0.5,0.001015625
1.4,0.05,0.2,0.3,0.0,0.0
1.4,0.05,0.2,0.3,0.2,0.16000000000000003
1.4,0.05,0.2,0.3,0.4,0.05556122448979592
1.4,0.05,0.2,0.3,0.5,0.04000000000000001
1.4,0.05,0.4,0.05,0.0,0.002770083102493075
1.4,0.05,0.4,0.05,0.4,0.0002770083102493075
1.4,0.05,0.4,0.1,0.4,0.85570987654321
1.4,0.05,0.4,0.1,0.5,0.8950617283950617
1.4,0.05,0.4,0.2,0.0,0.517578125
1.4,0.05,0.4,0.2,0.2,0.5153125000000001
1.4,0.05,0.4,0.2,0.4,0.0690625
1.4,0.05,0.4,0.2,0.5,0.6930078125
1.4,0.05,0.4,0.3,0.0,0.22229591836734694
1.4,0.05,0.4,0.3,0.2,0.08244897959183672
1.4,0.05,0.4,0.3,0.4,0.0703061224489796
1.4,0.05,0.4,0.3,0.5,0.021683673469387755
1.4,0.05,0.5,0.05,0.0,0.013351800554016623
1.4,0.05,0.5,0.05,0.2,0.02592797783933518
1.4,0.05,0.5,0.05,0.4,0.0023545706371191134
1.4,0.05,0.5,0.05,0.5,0.0023545706371191134
1.4,0.05,0.5,0.1,0.0,0.5246913580246915
1.4,0.05,0.5,0.1,0.2,0.6112654320987655
1.4,0.05,0.5,0.1,0.4,0.6915123456790124
1.4,0.05,0.5,0.1,0.5,0.7372839506172839
1.4,0.05,0.5,0.2,0.0,0.4942578125
1.4,0.05,0.5,0.2,0.2,0.5176953125
1.4,0.05,0.5,0.2,0.5,0.6725781249999999
1.4,0.05,0.5,0.3,0.0,0.5
1.4,0.05,0.5,0.3,0.2,0.16658163265306122
1.4,0.05,0.5,0.3,0.4,0.08596938775510206
1.4,0.05,0.5,0.3,0.5,0.07066326530612245
1.4,0.1,0.1,0.1,0.2,0.9889197530864198
1.4,0.1,0.1,0.1,0.4,1.0
1.4,0.1,0.1,0.1,0.5,1.0
1.4,0.1,0.1,0.2,0.0,0.0039453125
1.4,0.1,0.1,0.2,0.2,0.9512499999999999
1.4,0.1,0.1,0.2,0.4,0.7520703124999999
1.4,0.1,0.1,0.2,0.5,0.00015625000000000003
1.4,0.1,0.1,0.3,0.0,0.5308163265306122
1.4,0.1,0.1,0.3,0.2,0.018418367346938774
1.4,0.1,0.1,0.3,0.5,0.0004591836734693878
1.4,0.1,0.2,0.05,0.5,1.0
1.4,0.1,0.2,0.1,0.4,1.0
1.4,0.1,0.2,0.1,0.5,0.9889506172839506
1.4,0.1,0.2,0.2,0.0,0.5176953125
1.4,0.1,0.2,0.2,0.2,0.7628125000000001
1.4,0.1,0.2,0.2,0.5,0.8828125
1.4,0.1,0.2,0.3,0.0,0.5000510204081633
1.4,0.1,0.2,0.3,0.2,0.17760204081632652
1.4,0.1,0.2,0.3,0.4,0.02061224489795918
1.4,0.1,0.2,0.3,0.5,0.016581632653061222
1.4,0.1,0.4,0.05,0.2,0.0004709141274238227
1.4,0.1,0.4,0.05,0.4,0.00013850415512465372
1.4,0.1,0.4,0.05,0.5,0.00013850415512465372
1.4,0.1,0.4,0.1,0.0,0.8111728395061729
1.4,0.1,0.4,0.1,0.2,0.7148765432098765
1.4,0.1,0.4,0.1,0.4,0.8269753086419753
1.4,0.1,0.4,0.1,0.5,0.8755555555555556
1.4,0.1,0.4,0.2,0.0,0.5
1.4,0.1,0.4,0.2,0.2,0.09
1.4,0.1,0.4,0.2,0.4,0.6444531250000001
1.4,0.1,0.4,0.2,0.5,0.017265625
1.4,0.1,0.4,0.3,0.0,0.5041326530612245
1.4,0.1,0.4,0.3,0.2,0.1488265306122449
1.4,0.1,0.4,0.3,0.4,0.07066326530612245
1.4,0.1,0.4,0.3,0.5,0.06612244897959182
1.4,0.1,0.5,0.05,0.0,0.0022160664819944596
1.4,0.1,0.5,0.05,0.2,0.0009418282548476454
1.4,0.1,0.5,0.05,0.4,0.000997229916897507
1.4,0.1,0.5,0.05,0.5,0.0007202216066481993
1.4,0.1,0.5,0.1,0.0,0.5094135802469135
1.4,0.1,0.5,0.1,0.2,0.5355555555555556
1.4,0.1,0.5,0.1,0.4,0.768888888888889
1.4,0.1,0.5,0.1,0.5,0.8652160493827161
1.4,0.1,0.5,0.2,0.0,0.501953125
1.4,0.1,0.5,0.2,0.2,0.5023828125
1.4,0.1,0.5,0.2,0.4,0.5378125
1.4,0.1,0.5,0.2,0.5,0.595703125
1.4,0.1,0.5,0.3,0.0,0.5001020408163265
1.4,0.1,0.5,0.3,0.2,0.5445918367346939
1.4,0.1,0.5,0.3,0.4,0.06255102040816327
1.4,0.1,0.5,0.3,0.5,0.08270408163265307
1.4,0.15,0.1,0.1,0.0,0.0
1.4,0.15,0.1,0.1,0.2,1.0
1.4,0.15,0.1,0.1,0.4,1.0
1.4,0.15,0.1,0.1,0.5,1.0
1.4,0.15,0.1,0.2,0.0,0.0006640625000000002
1.4,0.15,0.1,0.2,0.5,0.987578125
1.4,0.15,0.1,0.3,0.0,0.4883673469387755
1.4,0.15,0.2,0.05,0.0,1.0
1.4,0.15,0.2,0.05,0.5,1.0
1.4,0.15,0.2,0.1,0.0,0.9889506172839506
1.4,0.15,0.2,0.2,0.0,0.5712890625
1.4,0.15,0.2,0.2,0.2,0.6292578124999999
1.4,0.15,0.2,0.2,0.4,0.8828125
1.4,0.15,0.2,0.2,0.5,0.0006250000000000001
1.4,0.15,0.2,0.3,0.2,0.07760204081632653
1.4,0.15,0.2,0.3,0.4,0.0625
1.4,0.15,0.2,0.3,0.5,0.8086734693877551
1.4,0.15,0.4,0.05,0.4,0.979168975069252
1.4,0.15,0.4,0.05,0.5,0.989529085872576
1.4,0.15,0.4,0.1,0.0,0.023950617283950613
1.4,0.15,0.4,0.1,0.2,0.0027777777777777783
1.4,0.15,0.4,0.1,0.4,0.925246913580247
1.4,0.15,0.4,0.1,0.5,0.9049999999999999
1.4,0.15,0.4,0.2,0.0,0.5205078125
1.4,0.15,0.4,0.2,0.2,0.5266015625
1.4,0.15,0.4,0.2,0.4,0.040156250000000004
1.4,0.15,0.4,0.2,0.5,0.7449999999999999
1.4,0.15,0.4,0.3,0.0,0.5123469387755102
1.4,0.15,0.4,0.3,0.2,0.5408163265306123
1.4,0.15,0.4,0.3,0.5,0.06617346938775509
1.4,0.15,0.5,0.05,0.0,0.0007202216066481993
1.4,0.15,0.5,0.05,0.2,0.0020221606648199446
1.4,0.15,0.5,0.05,0.4,0.0020221606648199446
1.4,0.15,0.5,0.1,0.0,0.5957098765432098
1.4,0.15,0.5,0.1,0.2,0.5957098765432098
1.4,0.15,0.5,0.1,0.4,0.8279320987654322
1.4,0.15,0.5,0.1,0.5,0.6985493827160494
1.4,0.15,0.5,0.2,0.0,0.4937890625
1.4,0.15,0.5,0.2,0.2,0.5205078125
1.4,0.15,0.5,0.2,0.4,0.08628906250000001
1.4,0.15,0.5,0.2,0.5,0.047890625
1.4,0.15,0.5,0.3,0.0,0.5229591836734693
1.4,0.15,0.5,0.3,0.2,0.1488265306122449
1.4,0.15,0.5,0.3,0.4,0.5689795918367347
1.4,0.15,0.5,0.3,0.5,0.06617346938775509
1.4,0.2,0.1,0.05,0.5,1.0
1.4,0.2,0.1,0.1,0.0,0.0
1.4,0.2,0.1,0.1,0.2,1.0
1.4,0.2,0.1,0.1,0.4,0.0
1.4,0.2,0.1,0.1,0.5,1.0
1.4,0.2,0.1,0.2,0.2,0.987578125
1.4,0.2,0.1,0.2,0.4,0.0003515625
1.4,0.2,0.1,0.3,0.0,0.16576530612244897
1.4,0.2,0.1,0.3,0.2,0.7759183673469388
1.4,0.2,0.1,0.3,0.4,0.0032653061224489793
1.4,0.2,0.1,0.3,0.5,0.0012755102040816326
1.4,0.2,0.2,0.05,0.5,1.0
1.4,0.2,0.2,0.2,0.0,0.6378124999999999
1.4,0.2,0.2,0.2,0.2,0.7538281249999998
1.4,0.2,0.2,0.2,0.4,0.0031640625
1.4,0.2,0.2,0.2,0.5,0.8200000000000001
1.4,0.2,0.2,0.3,0.0,0.503673469387755
1.4,0.2,0.2,0.3,0.2,0.7635204081632654
1.4,0.2,0.2,0.3,0.4,0.0225
1.4,0.2,0.2,0.3,0.5,0.03448979591836735
1.4,0.2,0.4,0.05,0.4,0.989529085872576
1.4,0.2,0.4,0.05,0.5,0.9895013850415512
1.4,0.2,0.4,0.1,0.0,0.0015123456790123457
1.4,0.2,0.4,0.1,0.2,0.8755555555555556
1.4,0.2,0.4,0.1,0.4,0.885246913580247
1.4,0.2,0.4,0.1,0.5,0.9049999999999999
1.4,0.2,0.4,0.2,0.0,0.6512500000000001
1.4,0.2,0.4,0.2,0.2,0.51125
1.4,0.2,0.4,0.2,0.4,0.11390625000000001
1.4,0.2,0.4,0.2,0.5,0.7344140625
1.4,0.2,0.4,0.3,0.2,0.5689795918367347
1.4,0.2,0.4,0.3,0.4,0.06612244897959182
1.4,0.2,0.4,0.3,0.5,0.06612244897959182
1.4,0.2,0.5,0.05,0.0,0.0006925207756232686
1.4,0.2,0.5,0.05,0.2,2.7700831024930747e-05
1.4,0.2,0.5,0.05,0.4,0.00024930747922437675
1.4,0.2,0.5,0.05,0.5,0.0002770083102493075
1.4,0.2,0.5,0.1,0.0,0.07114197530864197
1.4,0.2,0.5,0.1,0.2,0.7938888888888889
1.4,0.2,0.5,0.1,0.4,0.784104938271605
1.4,0.2,0.5,0.1,0.5,0.925246913580247
1.4,0.2,0.5,0.2,0.0,0.5
1.4,0.2,0.5,0.2,0.2,0.5003124999999999
1.4,0.2,0.5,0.2,0.4,0.5867578125
1.4,0.2,0.5,0.2,0.5,0.7091015624999999
1.4,0.2,0.5,0.3,0.0,0.22224489795918367
1.4,0.2,0.5,0.3,0.2,0.5001020408163265
1.4,0.2,0.5,0.3,0.4,0.09
1.4,0.2,0.5,0.3,0.5,0.07760204081632653
